Id,Nome,Libreria delle forme,ID pagina,Contenuto da,Gruppo,Sorgente di linea,Destinazione linea,Freccia sorgente,Freccia di destinazione,Stato,Area di testo 1,Area di testo 2,Area di testo 3,Commenti
1,Documento,,,,,,,,,Bozza,Domain Class Diagram,,,
2,Pagina,,,,,,,,,,Domain Class Diagram,,,
3,Classe,UML,2,,,,,,,,Student,"​+ studentId {id}
+ name
+ email
+ resume",,
4,Classe,UML,2,,,,,,,,Company,"​+ companyId {Id}
+ name
+ email
+ internships",,
5,Classe,UML,2,,,,,,,,University,"​+ universityId {Id}
+ name
+ email",,
6,Classe,UML,2,,,,,,,,Internship,"​+ internshipId {Id}
+ title
+ description
+ status: enum
+ publishedDate",,
7,Classe,UML,2,,,,,,,,Complaint,"​+ complaintId {Id}
+ description
+ status: enum",,
8,Classe,UML,2,,,,,,,,Feedback,​+ feedbackId {Id},,
9,Classe,UML,2,,,,,,,,Recommendation,"​+ recommendationId {Id}
+ score ",,
10,Classe,UML,2,,,,,,,,<<Interface>> Notification,,,
11,Linea,,2,,,3,7,None,None,,​+files,0..*,1,
12,Linea,,2,,,3,8,None,None,,​+provides,1,1..*,
13,Linea,,2,,,3,10,None,None,,0..*,0..*,sent to,
14,Linea,,2,,,10,4,None,None,,sent to,0..*,0..*,
15,Linea,,2,,,3,6,None,None,,apply,0..*,0..*,
16,Linea,,2,,,3,9,None,None,,matches,0..*,0..*,
17,Linea,,2,,,9,10,None,None,,originates,0..*,1,
18,Linea,,2,,,9,6,None,None,,generates,0..*,1,
19,Linea,,2,,,4,6,None,None,,publishes,0..*,1,
20,Linea,,2,,,4,8,None,None,,1,​+provides,1..*,
21,Linea,,2,,,4,7,None,None,,1,​+files,0..*,
22,Linea,,2,,,8,6,None,None,,1..*,receives,1,
23,Linea,,2,,,7,5,None,None,,handle,0..*,1,
24,Linea,,2,,,5,6,None,None,,​+monitors,1,0..*,
25,Pagina,,,,,,,,,,State Diagrams,,,
26,Inizia Evento,BPMN 2.0,25,,,,,,,,,,,
27,Compito,BPMN 2.0,25,,,,,,,,Show registration form,,,
28,Compito,BPMN 2.0,25,,,,,,,,Check credentials,,,
29,porta,BPMN 2.0,25,,,,,,,,,,,
30,porta,BPMN 2.0,25,,,,,,,,,,,
31,Compito,BPMN 2.0,25,,,,,,,,"Send confirmation
e-mail",,,
32,Compito,BPMN 2.0,25,,,,,,,,Show error message,,,
33,Compito,BPMN 2.0,25,,,,,,,,Receive confirmation,,,
34,Inizia Evento,BPMN 2.0,25,,,,,,,,,,,
35,Inizia Evento,BPMN 2.0,25,,,,,,,,,,,
36,Compito,BPMN 2.0,25,,,,,,,,Show login form,,,
37,Compito,BPMN 2.0,25,,,,,,,,Check credentials,,,
38,porta,BPMN 2.0,25,,,,,,,,,,,
39,porta,BPMN 2.0,25,,,,,,,,,,,
40,Compito,BPMN 2.0,25,,,,,,,,Show Home Page,,,
41,Compito,BPMN 2.0,25,,,,,,,,Show error message,,,
42,Inizia Evento,BPMN 2.0,25,,,,,,,,,,,
43,Inizia Evento,BPMN 2.0,25,,,,,,,,,,,
44,Compito,BPMN 2.0,25,,,,,,,,Show upload CV form,,,
45,Compito,BPMN 2.0,25,,,,,,,,Check file uploaded,,,
46,porta,BPMN 2.0,25,,,,,,,,,,,
47,porta,BPMN 2.0,25,,,,,,,,,,,
48,Compito,BPMN 2.0,25,,,,,,,,Show error message,,,
49,Compito,BPMN 2.0,25,,,,,,,,Show experience form,,,
50,Compito,BPMN 2.0,25,,,,,,,,Check parameters inserted,,,
51,porta,BPMN 2.0,25,,,,,,,,,,,
52,porta,BPMN 2.0,25,,,,,,,,,,,
53,Compito,BPMN 2.0,25,,,,,,,,Show error message,,,
54,Compito,BPMN 2.0,25,,,,,,,,Show skills form,,,
55,Compito,BPMN 2.0,25,,,,,,,,Check parameters inserted,,,
56,porta,BPMN 2.0,25,,,,,,,,,,,
57,porta,BPMN 2.0,25,,,,,,,,,,,
58,Compito,BPMN 2.0,25,,,,,,,,Show error message,,,
59,Compito,BPMN 2.0,25,,,,,,,,Show attitude form,,,
60,Compito,BPMN 2.0,25,,,,,,,,Check parameters inserted,,,
61,porta,BPMN 2.0,25,,,,,,,,,,,
62,porta,BPMN 2.0,25,,,,,,,,,,,
63,Compito,BPMN 2.0,25,,,,,,,,Show error message,,,
64,Inizia Evento,BPMN 2.0,25,,,,,,,,,,,
65,Inizia Evento,BPMN 2.0,25,,,,,,,,,,,
66,Compito,BPMN 2.0,25,,,,,,,,Show publish internship form,,,
67,Compito,BPMN 2.0,25,,,,,,,,Check inserted parameters,,,
68,porta,BPMN 2.0,25,,,,,,,,,,,
69,porta,BPMN 2.0,25,,,,,,,,,,,
70,Compito,BPMN 2.0,25,,,,,,,,Add internship to the company's internships list,,,
71,Compito,BPMN 2.0,25,,,,,,,,Show error message,,,
72,Inizia Evento,BPMN 2.0,25,,,,,,,,,,,
73,Rettangolo,Forme geometriche,25,,,,,,,,Add CV to the ST profile,,,
74,Inizia Evento,BPMN 2.0,25,,,,,,,,,,,
75,Compito,BPMN 2.0,25,,,,,,,,Show search bar,,,
76,Compito,BPMN 2.0,25,,,,,,,,Find all internships that contains the written keyword in their name,,,
77,Compito,BPMN 2.0,25,,,,,,,,Show the internship list to the student,,,
78,Inizia Evento,BPMN 2.0,25,,,,,,,,,,,
79,Inizia Evento,BPMN 2.0,25,,,,,,,,,,,
80,Compito,BPMN 2.0,25,,,,,,,,Show an overall description of the internship,,,
81,Compito,BPMN 2.0,25,,,,,,,,Send apply request to the company,,,
82,Inizia Evento,BPMN 2.0,25,,,,,,,,,,,
83,Inizia Evento,BPMN 2.0,25,,,,,,,,,,,
84,Compito,BPMN 2.0,25,,,,,,,,Show list of recommended student,,,
85,Compito,BPMN 2.0,25,,,,,,,,Send apply request to the selected student,,,
86,Inizia Evento,BPMN 2.0,25,,,,,,,,,,,
87,Inizia Evento,BPMN 2.0,25,,,,,,,,,,,
88,Compito,BPMN 2.0,25,,,,,,,,Show list of apply request by students,,,
89,Inizia Evento,BPMN 2.0,25,,,,,,,,,,,
90,Compito,BPMN 2.0,25,,,,,,,,Show student profile,,,
91,porta,BPMN 2.0,25,,,,,,,,,,,
92,Compito,BPMN 2.0,25,,,,,,,,Send an acceptance notification to the student,,,
93,Compito,BPMN 2.0,25,,,,,,,,Send a reject notification to the student,,,
94,Inizia Evento,BPMN 2.0,25,,,,,,,,,,,
95,Compito,BPMN 2.0,25,,,,,,,,Make available task allocation on the company's Progress Page,,,
96,Compito,BPMN 2.0,25,,,,,,,,Show the Progress Page of the application,,,
97,Compito,BPMN 2.0,25,,,,,,,,Show the Progress Page of the application,,,
98,Inizia Evento,BPMN 2.0,25,,,,,,,,,,,
99,Compito,BPMN 2.0,25,,,,,,,,Show Progress Page of the student's application,,,
100,Compito,BPMN 2.0,25,,,,,,,,Show task form,,,
101,Compito,BPMN 2.0,25,,,,,,,,Check parameters inserted,,,
102,porta,BPMN 2.0,25,,,,,,,,,,,
103,porta,BPMN 2.0,25,,,,,,,,,,,
104,Compito,BPMN 2.0,25,,,,,,,,Show error message,,,
105,Compito,BPMN 2.0,25,,,,,,,,Notify student about new task,,,
106,Compito,BPMN 2.0,25,,,,,,,,Add task to the Progress Page,,,
107,Inizia Evento,BPMN 2.0,25,,,,,,,,Event,,,
108,Inizia Evento,BPMN 2.0,25,,,,,,,,,,,
109,Compito,BPMN 2.0,25,,,,,,,,Show Progress Page,,,
110,Compito,BPMN 2.0,25,,,,,,,,Show  questionnaire,,,
111,Compito,BPMN 2.0,25,,,,,,,,Save the answer and send it to the company ,,,
112,Inizia Evento,BPMN 2.0,25,,,,,,,,,,,
113,Inizia Evento,BPMN 2.0,25,,,,,,,,,,,
114,Compito,BPMN 2.0,25,,,,,,,,Show list of applicant for an internship,,,
115,Compito,BPMN 2.0,25,,,,,,,,Add selected student to the internship's list,,,
116,Compito,BPMN 2.0,25,,,,,,,,Notify selected students,,,
117,Compito,BPMN 2.0,25,,,,,,,,Notify rejected students,,,
118,Inizia Evento,BPMN 2.0,25,,,,,,,,,,,
119,Inizia Evento,BPMN 2.0,25,,,,,,,,,,,
120,Compito,BPMN 2.0,25,,,,,,,,Terminate user session,,,
121,Compito,BPMN 2.0,25,,,,,,,,Show Login Page,,,
122,Inizia Evento,BPMN 2.0,25,,,,,,,,,,,
123,Linea,,25,,,26,29,None,Equilateral Arrow,,,,,
124,Linea,,25,,,29,27,None,Equilateral Arrow,,,,,
125,Linea,,25,,,27,28,None,Equilateral Arrow,,,,,
126,Linea,,25,,,28,30,None,Equilateral Arrow,,,,,
127,Linea,,25,,,32,29,None,Equilateral Arrow,,,,,
128,Linea,,25,,,30,32,None,Equilateral Arrow,,Incorrect credentials,,,
129,Linea,,25,,,30,31,None,Equilateral Arrow,,Correct credentials,,,
130,Linea,,25,,,31,33,None,Equilateral Arrow,,,,,
131,Linea,,25,,,33,34,None,Equilateral Arrow,,,,,
132,Linea,,25,,,35,38,None,Equilateral Arrow,,,,,
133,Linea,,25,,,38,36,None,Equilateral Arrow,,,,,
134,Linea,,25,,,36,37,None,Equilateral Arrow,,,,,
135,Linea,,25,,,37,39,None,Equilateral Arrow,,,,,
136,Linea,,25,,,39,41,None,Equilateral Arrow,,Incorrect credentials,,,
137,Linea,,25,,,41,38,None,Equilateral Arrow,,,,,
138,Linea,,25,,,39,40,None,Equilateral Arrow,,Correct credentials,,,
139,Linea,,25,,,40,42,None,Equilateral Arrow,,,,,
140,Linea,,25,,,43,46,None,Equilateral Arrow,,,,,
141,Linea,,25,,,46,44,None,Equilateral Arrow,,,,,
142,Linea,,25,,,44,45,None,Equilateral Arrow,,,,,
143,Linea,,25,,,45,47,None,Equilateral Arrow,,,,,
144,Linea,,25,,,47,48,None,Equilateral Arrow,,Wrong file format,,,
145,Linea,,25,,,48,46,None,Equilateral Arrow,,,,,
146,Linea,,25,,,47,51,None,Equilateral Arrow,,Correct file format,,,
147,Linea,,25,,,51,49,None,Equilateral Arrow,,,,,
148,Linea,,25,,,49,50,None,Equilateral Arrow,,,,,
149,Linea,,25,,,50,52,None,Equilateral Arrow,,,,,
150,Linea,,25,,,52,53,None,Equilateral Arrow,,Wrong parameters,,,
151,Linea,,25,,,53,51,None,Equilateral Arrow,,,,,
152,Linea,,25,,,52,56,None,Equilateral Arrow,,Correct parameters,,,
153,Linea,,25,,,56,54,None,Equilateral Arrow,,,,,
154,Linea,,25,,,54,55,None,Equilateral Arrow,,,,,
155,Linea,,25,,,55,57,None,Equilateral Arrow,,,,,
156,Linea,,25,,,57,58,None,Equilateral Arrow,,Wrong parameters,,,
157,Linea,,25,,,58,56,None,Equilateral Arrow,,,,,
158,Linea,,25,,,57,61,None,Equilateral Arrow,,Correct parameters,,,
159,Linea,,25,,,61,59,None,Equilateral Arrow,,,,,
160,Linea,,25,,,59,60,None,Equilateral Arrow,,,,,
161,Linea,,25,,,60,62,None,Equilateral Arrow,,,,,
162,Linea,,25,,,62,63,None,Equilateral Arrow,,Wrong parameters,,,
163,Linea,,25,,,63,61,None,Equilateral Arrow,,,,,
164,Linea,,25,,,73,64,None,Equilateral Arrow,,,,,
165,Linea,,25,,,62,73,None,Equilateral Arrow,,Correct parameters,,,
166,Linea,,25,,,65,68,None,Equilateral Arrow,,,,,
167,Linea,,25,,,68,66,None,Equilateral Arrow,,,,,
168,Linea,,25,,,66,67,None,Equilateral Arrow,,,,,
169,Linea,,25,,,67,69,None,Equilateral Arrow,,,,,
170,Linea,,25,,,69,71,None,Equilateral Arrow,,Incorrect parameters,,,
171,Linea,,25,,,71,68,None,Equilateral Arrow,,,,,
172,Linea,,25,,,69,70,None,Equilateral Arrow,,Correct parameters,,,
173,Linea,,25,,,70,72,None,Equilateral Arrow,,,,,
174,Linea,,25,,,74,75,None,Equilateral Arrow,,,,,
175,Linea,,25,,,75,76,None,Equilateral Arrow,,,,,
176,Linea,,25,,,76,77,None,Equilateral Arrow,,,,,
177,Linea,,25,,,77,78,None,Equilateral Arrow,,,,,
178,Linea,,25,,,79,80,None,Equilateral Arrow,,,,,
179,Linea,,25,,,80,81,None,Equilateral Arrow,,"Student click on 
the apply button",,,
180,Linea,,25,,,81,96,None,Equilateral Arrow,,,,,
181,Linea,,25,,,96,82,None,Equilateral Arrow,,,,,
182,Linea,,25,,,83,84,None,Equilateral Arrow,,,,,
183,Linea,,25,,,84,85,None,Equilateral Arrow,,,,,
184,Linea,,25,,,97,86,None,Equilateral Arrow,,,,,
185,Linea,,25,,,85,97,None,Equilateral Arrow,,,,,
186,Linea,,25,,,87,88,None,Equilateral Arrow,,,,,
187,Linea,,25,,,95,89,None,Equilateral Arrow,,,,,
188,Linea,,25,,,88,90,None,Equilateral Arrow,,Select one student,,,
189,Linea,,25,,,90,91,None,Equilateral Arrow,,,,,
190,Linea,,25,,,91,92,None,Equilateral Arrow,,Accept,,,
191,Linea,,25,,,91,93,None,Equilateral Arrow,,Reject,,,
192,Linea,,25,,,93,94,None,Equilateral Arrow,,,,,
193,Linea,,25,,,92,95,None,Equilateral Arrow,,,,,
194,Linea,,25,,,98,99,None,Equilateral Arrow,,,,,
195,Linea,,25,,,99,103,None,Equilateral Arrow,,"CP click on ""Create Task"" button on its Progress Page",,,
196,Linea,,25,,,103,100,None,Equilateral Arrow,,,,,
197,Linea,,25,,,100,101,None,Equilateral Arrow,,,,,
198,Linea,,25,,,101,102,None,Equilateral Arrow,,,,,
199,Linea,,25,,,104,103,None,Equilateral Arrow,,,,,
200,Linea,,25,,,102,104,None,Equilateral Arrow,,Incorrect parameters,,,
201,Linea,,25,,,102,106,None,Equilateral Arrow,,Correct parameters,,,
202,Linea,,25,,,106,105,None,Equilateral Arrow,,,,,
203,Linea,,25,,,105,107,None,Equilateral Arrow,,,,,
204,Linea,,25,,,108,109,None,Equilateral Arrow,,,,,
205,Linea,,25,,,109,110,None,Equilateral Arrow,,Select task,,,
206,Linea,,25,,,110,111,None,Equilateral Arrow,,Student submit,,,
207,Linea,,25,,,111,112,None,Equilateral Arrow,,,,,
208,Linea,,25,,,113,114,None,Equilateral Arrow,,,,,
209,Linea,,25,,,114,115,None,Equilateral Arrow,,CP select  suitable student,,,
210,Linea,,25,,,115,116,None,Equilateral Arrow,,,,,
211,Linea,,25,,,116,117,None,Equilateral Arrow,,,,,
212,Linea,,25,,,117,118,None,Equilateral Arrow,,,,,
213,Linea,,25,,,119,120,None,Equilateral Arrow,,,,,
214,Linea,,25,,,120,121,None,Equilateral Arrow,,,,,
215,Linea,,25,,,121,122,None,Equilateral Arrow,,,,,
216,Pagina,,,,,,,,,,Use Case Diagrams,,,
217,Contenitore rettangolare,UML,216,,,,,,,,S&C,,,
218,Contenitore rettangolare,UML,216,,,,,,,,S&C,,,
219,Contenitore rettangolare,UML,216,,,,,,,,S&C,,,
220,Attore,UML,216,,,,,,,,User,,,
221,Caso d'uso,UML,216,217,,,,,,,Log in,,,
222,Caso d'uso,UML,216,217,,,,,,,Log out,,,
223,Attore,UML,216,,,,,,,,University,,,
224,Caso d'uso,UML,216,219,,,,,,,Monitor the status of all internships,,,
225,Caso d'uso,UML,216,219,,,,,,,Handle complaints from students or companies,,,
226,Caso d'uso,UML,216,219,,,,,,,Cancel problematic internships,,,
227,Caso d'uso,UML,216,218,,,,,,,Collect feedback from companies and students to improve matching,,,
228,Attore,UML,216,,,,,,,,S&C (Automated Process),,,
229,Caso d'uso,UML,216,218,,,,,,,Inform companies about available students matching their criteria,,,
230,Caso d'uso,UML,216,218,,,,,,,Inform students about new internship opportunities,,,
231,Caso d'uso,UML,216,219,,,,,,,Register an account to S&C,,,
232,Caso d'uso,UML,216,219,,,,,,,View and update their profile,,,
233,Caso d'uso,UML,216,219,,,,,,,Search for internships,,,
234,Caso d'uso,UML,216,219,,,,,,,Apply for internships,,,
235,Caso d'uso,UML,216,219,,,,,,,Monitor the status of their applications,,,
236,Caso d'uso,UML,216,219,,,,,,,Accept or reject internship offers,,,
237,Caso d'uso,UML,216,219,,,,,,,Complete questionnaires/tasks from companies,,,
238,Caso d'uso,UML,216,219,,,,,,,Provide feedback on completed internships,,,
239,Caso d'uso,UML,216,219,,,,,,,File complaints about internships,,,
240,Attore,UML,216,,,,,,,,Student,,,
241,Caso d'uso,UML,216,219,,,,,,,Create and publish internships,,,
242,Caso d'uso,UML,216,219,,,,,,,View and manage published internships,,,
243,Caso d'uso,UML,216,219,,,,,,,View recommended students for internships,,,
244,Caso d'uso,UML,216,219,,,,,,,Contact students for internships,,,
245,Caso d'uso,UML,216,219,,,,,,,Accept student applications,,,
246,Caso d'uso,UML,216,219,,,,,,,Submit questionnaires for students,,,
247,Caso d'uso,UML,216,219,,,,,,,Finalize the selection process,,,
248,Caso d'uso,UML,216,219,,,,,,,Provide feedback on interns,,,
249,Caso d'uso,UML,216,219,,,,,,,File complaints about students,,,
250,Attore,UML,216,,,,,,,,Company,,,
251,Linea,,216,,,220,221,None,Equilateral Arrow,,start session,,,
252,Linea,,216,,,220,222,None,Equilateral Arrow,,end session,,,
253,Linea,,216,,,223,224,None,Equilateral Arrow,,,,,
254,Linea,,216,,,223,225,None,Equilateral Arrow,,,,,
255,Linea,,216,,,223,226,None,Equilateral Arrow,,,,,
256,Linea,,216,,,228,229,None,Equilateral Arrow,,periodically,,,
257,Linea,,216,,,228,230,None,Equilateral Arrow,,periodically,,,
258,Linea,,216,,,240,231,None,Equilateral Arrow,,,,,
259,Linea,,216,,,240,232,None,Equilateral Arrow,,,,,
260,Linea,,216,,,240,233,None,Equilateral Arrow,,,,,
261,Linea,,216,,,240,234,None,Equilateral Arrow,,,,,
262,Linea,,216,,,240,235,None,Equilateral Arrow,,,,,
263,Linea,,216,,,240,236,None,Equilateral Arrow,,,,,
264,Linea,,216,,,240,238,None,Equilateral Arrow,,,,,
265,Linea,,216,,,240,239,None,Equilateral Arrow,,,,,
266,Linea,,216,,,250,241,None,Equilateral Arrow,,,,,
267,Linea,,216,,,250,242,None,Equilateral Arrow,,,,,
268,Linea,,216,,,250,243,None,Equilateral Arrow,,,,,
269,Linea,,216,,,250,244,None,Equilateral Arrow,,,,,
270,Linea,,216,,,250,245,None,Equilateral Arrow,,,,,
271,Linea,,216,,,250,246,None,Equilateral Arrow,,,,,
272,Linea,,216,,,250,247,None,Equilateral Arrow,,,,,
273,Linea,,216,,,250,248,None,Equilateral Arrow,,,,,
274,Linea,,216,,,250,249,None,Equilateral Arrow,,,,,
275,Linea,,216,,,247,245,None,Equilateral Arrow,,follows,,,
276,Linea,,216,,,242,241,None,Equilateral Arrow,,depends,,,
277,Linea,,216,,,234,233,None,Equilateral Arrow,,after,,,
278,Linea,,216,,,225,226,None,Equilateral Arrow,,when needed,,,
279,Linea,,216,,,249,225,None,Equilateral Arrow,,forwarded to,,,
280,Linea,,216,,,239,225,None,Equilateral Arrow,,forwarded to,,,
281,Linea,,216,,,228,227,None,Equilateral Arrow,,periodically,,,
282,Pagina,,,,,,,,,,DD Components,,,
283,PC,Icone di rete Cisco,282,,,,,,,,Webapp,,,
284,Host standard,Icone di rete Cisco,282,,,,,,,,S&C server,,,
285,Server WWW,Icone di rete Cisco,282,,,,,,,,WebServer,,,
286,Server di archiviazione,Icone di rete Cisco,282,,,,,,,,DBMS server,,,
287,Array di nastri,Icone di rete Cisco,282,,,,,,,,Mail Server,,,
288,Nube,Forme geometriche,282,,,,,,,,External Tools Api,,,
289,Linea,,282,,,283,285,None,None,,,,,
290,Linea,,282,,,285,284,None,None,,,,,
291,Linea,,282,,,284,287,None,None,,,,,
292,Linea,,282,,,284,286,None,None,,,,,
293,Linea,,282,,,284,,None,None,,,,,
294,Pagina,,,,,,,,,,Sequence,,,
295,Alternativa,UML,294,,,,,,,,Alternative,[if email is already linked to an account],[Else],
296,Alternativa,UML,294,,,,,,,,Alternative,[if credentiala are notcorrect],[Else],
297,Oggetto,UML,294,,401,,,,,,Model,,,
298,Attivazione,UML,294,295,401,,,,,,,,,
299,Attivazione,UML,294,295,401,,,,,,,,,
300,Oggetto,UML,294,,402,,,,,,DBMS,,,
301,Attivazione,UML,294,295,402,,,,,,,,,
302,Oggetto,UML,294,,403,,,,,,EmailServer,,,
303,Attivazione,UML,294,295,403,,,,,,,,,
304,Oggetto,UML,294,,404,,,,,,WebServer,,,
305,Attivazione,UML,294,,404,,,,,,,,,
306,Attivazione,UML,294,,404,,,,,,,,,
307,Attivazione,UML,294,295,404,,,,,,,,,
308,Oggetto,UML,294,,405,,,,,,RegistrationManager,,,
309,Attivazione,UML,294,,405,,,,,,,,,
310,Attivazione,UML,294,295,405,,,,,,,,,
311,Attivazione,UML,294,,406,,,,,,,,,
312,Oggetto,UML,294,,406,,,,,,DashboardManager,,,
313,Attivazione,UML,294,295,406,,,,,,,,,
314,Oggetto,UML,294,,407,,,,,,Client,,,
315,Attivazione,UML,294,295,407,,,,,,,,,
316,Attivazione,UML,294,295,,,,,,,,,,
317,Testo,Standard,294,,,,,,,,SIGNUP,,,
318,Testo,Standard,294,,,,,,,,LOG IN,,,
319,Attivazione,UML,294,296|320,,,,,,,,,,
320,Alternativa,UML,294,296,,,,,,,Alternative,[If credentials belong to a Company],[if Credentials belong to a Student],
321,Oggetto,UML,294,,,,,,,,Model,,,
322,Oggetto,UML,294,,,,,,,,DBMS,,,
323,Attivazione,UML,294,296,,,,,,,,,,
324,Oggetto,UML,294,,,,,,,,WebServer,,,
325,Attivazione,UML,294,296,,,,,,,,,,
326,Oggetto,UML,294,,,,,,,,LoginManager,,,
327,Attivazione,UML,294,,,,,,,,,,,
328,Attivazione,UML,294,296,,,,,,,,,,
329,Oggetto,UML,294,,,,,,,,DashboardManager,,,
330,Attivazione,UML,294,296,,,,,,,,,,
331,Oggetto,UML,294,,,,,,,,Client,,,
332,Attivazione,UML,294,296,,,,,,,,,,
333,Linea,,294,,,331,,None,None,,,,,
334,Linea,,294,,,315,305,None,Equilateral Arrow,,www.S&C.com,,,
335,Linea,,294,,,305,315,None,Equilateral Arrow,,SignUpFormPage,,,
336,Linea,,294,,,315,306,None,Equilateral Arrow,,CreateAnAccount(),,,
337,Linea,,294,,,306,,None,Equilateral Arrow,,CreateAnAccount(),,,
338,Linea,,294,,,309,311,None,Equilateral Arrow,,SignupFromPage,,,
339,Linea,,294,,,311,306,None,Equilateral Arrow,,SignupFromPage,,,
340,Linea,,294,,,306,315,None,Equilateral Arrow,,SignupFromPage,,,
341,Linea,,294,,,315,307,None,Equilateral Arrow,,"Registration(name, surname, email, password)",,,
342,Linea,,294,,,307,313,None,Equilateral Arrow,,"Registration(name, surname, email, password)",,,
343,Linea,,294,,,313,310,None,Equilateral Arrow,,"Registration(name, surname, email, password)",,,
344,Linea,,294,,,310,298,None,Equilateral Arrow,,CheckEmail(email),,,
345,Linea,,294,,,298,301,None,Equilateral Arrow,,ExecuteQuery(QueryString),,,
346,Linea,,294,,,301,298,None,Equilateral Arrow,,tuple of (email),,,
347,Linea,,294,,,298,310,None,Equilateral Arrow,,false,,,
348,Linea,,294,,,310,313,None,Equilateral Arrow,,InvalidEmailError,,,
349,Linea,,294,,,313,307,None,Equilateral Arrow,,InvalidEmailError,,,
350,Linea,,294,,,307,315,None,Equilateral Arrow,,InvalidEmailError,,,
351,Linea,,294,,,310,313,None,Equilateral Arrow,,LogInFormPage,,,
352,Linea,,294,,,313,307,None,Equilateral Arrow,,LogInFormPage,,,
353,Linea,,294,,,307,315,None,Equilateral Arrow,,LogInFormPage,,,
354,Linea,,294,,,301,298,None,Equilateral Arrow,,DvException,,,
355,Linea,,294,,,298,310,None,Equilateral Arrow,,true,,,
356,Linea,,294,,,310,303,None,Equilateral Arrow,,SendEmail(email),,,
357,Linea,,294,,,303,310,None,Equilateral Arrow,,ConfirmationReply,,,
358,Linea,,294,,,310,299,None,Equilateral Arrow,,"SaveNewUserCredentials(name, surname, email, password)",,,
359,Linea,,294,,401,297,,None,None,,,,,
360,Linea,,294,,402,300,,None,None,,,,,
361,Linea,,294,,403,302,,None,None,,,,,
362,Linea,,294,,404,304,,None,None,,,,,
363,Linea,,294,,405,308,,None,None,,,,,
364,Linea,,294,,,311,,None,Equilateral Arrow,,CreateAnAccount(),,,
365,Linea,,294,,406,312,,None,None,,,,,
366,Linea,,294,,407,314,,None,None,,,,,
367,Linea,,294,,,299,316,None,Equilateral Arrow,,ExecuteQuery(QueryString),,,
368,Linea,,294,,,310,313,None,Equilateral Arrow,,StudentHomePage,,,
369,Linea,,294,,,313,307,None,Equilateral Arrow,,StudentHomePage,,,
370,Linea,,294,,,307,315,None,Equilateral Arrow,,StudentHomePage,,,
371,Linea,,294,,,319,327,None,Equilateral Arrow,,www.S&C.com,,,
372,Linea,,294,,,327,319,None,Equilateral Arrow,,LoginFormPage,,,
373,Linea,,294,,,319,328,None,Equilateral Arrow,,"Login(email, password)",,,
374,Linea,,294,,,328,332,None,Equilateral Arrow,,"Login(email, password)",,,
375,Linea,,294,,,332,330,None,Equilateral Arrow,,"Login(email, password)",,,
376,Linea,,294,,,330,323,None,Equilateral Arrow,,"CheckCredentials(email, password)",,,
377,Linea,,294,,,325,323,None,Equilateral Arrow,,DbException,,,
378,Linea,,294,,,323,330,None,Equilateral Arrow,,false,,,
379,Linea,,294,,,330,332,None,Equilateral Arrow,,InvalidCredentialsError,,,
380,Linea,,294,,,332,328,None,Equilateral Arrow,,InvalidCredentialsError,,,
381,Linea,,294,,,328,319,None,Equilateral Arrow,,InvalidCredentialsError,,,
382,Linea,,294,,,330,332,None,Equilateral Arrow,,LogInFormPage,,,
383,Linea,,294,,,332,328,None,Equilateral Arrow,,LogInFormPage,,,
384,Linea,,294,,,328,319,None,Equilateral Arrow,,LogInFormPage,,,
385,Linea,,294,,,325,323,None,Equilateral Arrow,,tuple of  user,,,
386,Linea,,294,,,323,330,None,Equilateral Arrow,,is a company,,,
387,Linea,,294,,,321,,None,None,,,,,
388,Linea,,294,,,322,,None,None,,,,,
389,Linea,,294,,,324,,None,None,,,,,
390,Linea,,294,,,326,,None,None,,,,,
391,Linea,,294,,,329,,None,None,,,,,
392,Linea,,294,,,330,332,None,Equilateral Arrow,,CompanyHomePage,,,
393,Linea,,294,,,332,328,None,Equilateral Arrow,,CompanyHomePage,,,
394,Linea,,294,,,328,319,None,Equilateral Arrow,,CompanyHomePage,,,
395,Linea,,294,,,323,325,None,Equilateral Arrow,,ExecuteQuery(QueryString),,,
396,Linea,,294,,,330,328,None,Equilateral Arrow,,"AddUserToTheSession(email,password)",,,
397,Linea,,294,,,330,323,None,Equilateral Arrow,,GetCompanyRecommendedStudents(email),,,
398,Linea,,294,,,323,325,None,Equilateral Arrow,,ExecuteQuery(QueryString),,,
399,Linea,,294,,,325,323,None,Equilateral Arrow,,tuple of  company's recommended students,,,
400,Linea,,294,,,323,330,None,Equilateral Arrow,,list of students,,,
401,Gruppo 1,,294,,,,,,,,,,,
402,Gruppo 2,,294,,,,,,,,,,,
403,Gruppo 3,,294,,,,,,,,,,,
404,Gruppo 4,,294,,,,,,,,,,,
405,Gruppo 5,,294,,,,,,,,,,,
406,Gruppo 6,,294,,,,,,,,,,,
407,Gruppo 7,,294,,,,,,,,,,,
408,Pagina,,,,,,,,,,Integration Strategy,,,
409,Pacchetto,UML,408,,,,,,,,,Driver,,
410,Pacchetto,UML,408,,,,,,,,,Model,,
411,Pacchetto,UML,408,,,,,,,,,Driver,,
412,Pacchetto,UML,408,,,,,,,,,Dashboard Manager,,
413,Pacchetto,UML,408,,,,,,,,,Login Manager,,
414,Pacchetto,UML,408,,,,,,,,,Model,,
415,Pacchetto,UML,408,,,,,,,,,Registration Manager,,
416,Pacchetto,UML,408,,,,,,,,,Dashboard Manager,,
417,Pacchetto,UML,408,,,,,,,,,Profile Manager,,
418,Pacchetto,UML,408,,,,,,,,,Driver,,
419,Pacchetto,UML,408,,,,,,,,,Driver,,
420,Pacchetto,UML,408,,,,,,,,,Driver,,
421,Pacchetto,UML,408,,,,,,,,,Login Manager,,
422,Pacchetto,UML,408,,,,,,,,,Model,,
423,Pacchetto,UML,408,,,,,,,,,Registration Manager,,
424,Pacchetto,UML,408,,,,,,,,,Dashboard Manager,,
425,Pacchetto,UML,408,,,,,,,,,Profile Manager,,
426,Pacchetto,UML,408,,,,,,,,,Internship Manager,,
427,Pacchetto,UML,408,,,,,,,,,Driver,,
428,Pacchetto,UML,408,,,,,,,,,Application Manager,,
429,Pacchetto,UML,408,,,,,,,,,Driver,,
430,Pacchetto,UML,408,,,,,,,,,Login Manager,,
431,Pacchetto,UML,408,,,,,,,,,Model,,
432,Pacchetto,UML,408,,,,,,,,,Registration Manager,,
433,Pacchetto,UML,408,,,,,,,,,Dashboard Manager,,
434,Pacchetto,UML,408,,,,,,,,,Profile Manager,,
435,Pacchetto,UML,408,,,,,,,,,Internship Manager,,
436,Pacchetto,UML,408,,,,,,,,,Application Manager,,
437,Pacchetto,UML,408,,,,,,,,,Driver,,
438,Pacchetto,UML,408,,,,,,,,,Recommendation Manager,,
439,Pacchetto,UML,408,,,,,,,,,Complaints Manager,,
440,Pacchetto,UML,408,,,,,,,,,Driver,,
441,Pacchetto,UML,408,,,,,,,,,Login Manager,,
442,Pacchetto,UML,408,,,,,,,,,Model,,
443,Pacchetto,UML,408,,,,,,,,,Registration Manager,,
444,Pacchetto,UML,408,,,,,,,,,Dashboard Manager,,
445,Pacchetto,UML,408,,,,,,,,,Profile Manager,,
446,Pacchetto,UML,408,,,,,,,,,Internship Manager,,
447,Pacchetto,UML,408,,,,,,,,,Application Manager,,
448,Pacchetto,UML,408,,,,,,,,,Recommendation Manager,,
449,Pacchetto,UML,408,,,,,,,,,Complaints Manager,,
450,Pacchetto,UML,408,,,,,,,,,Notification Manager,,
451,Pacchetto,UML,408,,,,,,,,,Driver,,
452,Pacchetto,UML,408,,,,,,,,,Login Manager,,
453,Pacchetto,UML,408,,,,,,,,,Model,,
454,Pacchetto,UML,408,,,,,,,,,Registration Manager,,
455,Pacchetto,UML,408,,,,,,,,,Dashboard Manager,,
456,Pacchetto,UML,408,,,,,,,,,Profile Manager,,
457,Pacchetto,UML,408,,,,,,,,,Internship Manager,,
458,Pacchetto,UML,408,,,,,,,,,Application Manager,,
459,Pacchetto,UML,408,,,,,,,,,Recommendation Manager,,
460,Pacchetto,UML,408,,,,,,,,,Complaints Manager,,
461,Pacchetto,UML,408,,,,,,,,,Notification Manager,,
462,Linea,,408,,,409,410,None,None,,,,,
463,Linea,,408,,,411,412,None,None,,,,,
464,Linea,,408,,,413,414,None,None,,,,,
465,Linea,,408,,,415,416,None,None,,,,,
466,Linea,,408,,,417,416,None,None,,,,,
467,Linea,,408,,,415,414,None,None,,,,,
468,Linea,,408,,,417,414,None,None,,,,,
469,Linea,,408,,,413,416,None,None,,,,,
470,Linea,,408,,,419,413,None,None,,,,,
471,Linea,,408,,,418,415,None,None,,,,,
472,Linea,,408,,,420,417,None,None,,,,,
473,Linea,,408,,,421,422,None,None,,,,,
474,Linea,,408,,,423,424,None,None,,,,,
475,Linea,,408,,,425,424,None,None,,,,,
476,Linea,,408,,,423,422,None,None,,,,,
477,Linea,,408,,,425,422,None,None,,,,,
478,Linea,,408,,,421,424,None,None,,,,,
479,Linea,,408,,,427,426,None,None,,,,,
480,Linea,,408,,,426,424,None,None,,,,,
481,Linea,,408,,,426,422,None,None,,,,,
482,Linea,,408,,,428,424,None,None,,,,,
483,Linea,,408,,,428,422,None,None,,,,,
484,Linea,,408,,,429,428,None,None,,,,,
485,Linea,,408,,,430,431,None,None,,,,,
486,Linea,,408,,,432,433,None,None,,,,,
487,Linea,,408,,,434,433,None,None,,,,,
488,Linea,,408,,,432,431,None,None,,,,,
489,Linea,,408,,,434,431,None,None,,,,,
490,Linea,,408,,,430,433,None,None,,,,,
491,Linea,,408,,,435,433,None,None,,,,,
492,Linea,,408,,,435,431,None,None,,,,,
493,Linea,,408,,,436,433,None,None,,,,,
494,Linea,,408,,,436,431,None,None,,,,,
495,Linea,,408,,,438,435,None,None,,,,,
496,Linea,,408,,,438,434,None,None,,,,,
497,Linea,,408,,,437,438,None,None,,,,,
498,Linea,,408,,,439,433,None,None,,,,,
499,Linea,,408,,,439,431,None,None,,,,,
500,Linea,,408,,,440,439,None,None,,,,,
501,Linea,,408,,,441,442,None,None,,,,,
502,Linea,,408,,,443,444,None,None,,,,,
503,Linea,,408,,,445,444,None,None,,,,,
504,Linea,,408,,,443,442,None,None,,,,,
505,Linea,,408,,,445,442,None,None,,,,,
506,Linea,,408,,,441,444,None,None,,,,,
507,Linea,,408,,,446,444,None,None,,,,,
508,Linea,,408,,,446,442,None,None,,,,,
509,Linea,,408,,,447,444,None,None,,,,,
510,Linea,,408,,,447,442,None,None,,,,,
511,Linea,,408,,,448,446,None,None,,,,,
512,Linea,,408,,,448,445,None,None,,,,,
513,Linea,,408,,,449,444,None,None,,,,,
514,Linea,,408,,,449,442,None,None,,,,,
515,Linea,,408,,,450,448,None,None,,,,,
516,Linea,,408,,,450,447,None,None,,,,,
517,Linea,,408,,,450,449,None,None,,,,,
518,Linea,,408,,,451,450,None,None,,,,,
519,Linea,,408,,,452,453,None,None,,,,,
520,Linea,,408,,,454,455,None,None,,,,,
521,Linea,,408,,,456,455,None,None,,,,,
522,Linea,,408,,,454,453,None,None,,,,,
523,Linea,,408,,,456,453,None,None,,,,,
524,Linea,,408,,,452,455,None,None,,,,,
525,Linea,,408,,,457,455,None,None,,,,,
526,Linea,,408,,,457,453,None,None,,,,,
527,Linea,,408,,,458,455,None,None,,,,,
528,Linea,,408,,,458,453,None,None,,,,,
529,Linea,,408,,,459,457,None,None,,,,,
530,Linea,,408,,,459,456,None,None,,,,,
531,Linea,,408,,,460,455,None,None,,,,,
532,Linea,,408,,,460,453,None,None,,,,,
533,Linea,,408,,,461,459,None,None,,,,,
534,Linea,,408,,,461,458,None,None,,,,,
535,Linea,,408,,,461,460,None,None,,,,,